RepoLanguage,DateOfConversation
HTML,07-06-2023
HTML,07-06-2023
HTML,07-06-2023
HTML,07-06-2023
HTML,07-06-2023
HTML,07-06-2023
HTML,07-06-2023
CSS,07-06-2023
Java,07-08-2023
Java,07-08-2023
Java,07-08-2023
Java,07-08-2023
Java,07-08-2023
Java,07-08-2023
Java,07-08-2023
HTML,07-08-2023
Python,06-07-2023
Java,06-07-2023
Java,06-07-2023
PHP,06-07-2023
Swift,06-07-2023
TypeScript,06-07-2023
HTML,06-07-2023
C,07-19-2023
Java,07-19-2023
Java,07-19-2023
Java,07-19-2023
PHP,07-19-2023
TypeScript,07-19-2023
Java,07-19-2023
Jupyter Notebook,07-18-2023
C,07-18-2023
Python,07-18-2023
JavaScript,07-18-2023
Go,07-18-2023
Java,07-18-2023
TypeScript,07-18-2023
HCL,07-25-2023
Jupyter Notebook,07-25-2023
Java,07-25-2023
Java,07-25-2023
Python,07-25-2023
TypeScript,07-25-2023
TypeScript,07-16-2023
HTML,07-16-2023
Jupyter Notebook,07-16-2023
Python,07-16-2023
Python,07-16-2023
Swift,07-16-2023
TypeScript,07-16-2023
TypeScript,07-10-2023
TypeScript,07-10-2023
C,07-10-2023
C,07-10-2023
JavaScript,07-10-2023
JavaScript,07-10-2023
PHP,07-10-2023
Python,07-10-2023
Python,07-20-2023
TypeScript,07-20-2023
C,07-20-2023
Jupyter Notebook,07-20-2023
PHP,07-20-2023
PHP,07-20-2023
Python,07-20-2023
Python,07-20-2023
C,07-20-2023
C,07-20-2023
Python,07-20-2023
Java,07-20-2023
TypeScript,07-26-2023
Python,07-26-2023
HTML,07-26-2023
C,07-26-2023
C,07-26-2023
C,07-26-2023
Java,07-26-2023
Swift,07-26-2023
Java,07-13-2023
TypeScript,07-13-2023
TypeScript,07-13-2023
C,07-13-2023
C,07-13-2023
Java,07-13-2023
PHP,07-13-2023
Java,06-30-2023
Python,06-30-2023
TypeScript,06-30-2023
Jupyter Notebook,06-30-2023
Jupyter Notebook,06-30-2023
Java,06-25-2023
TypeScript,06-25-2023
Python,06-25-2023
Python,06-25-2023
HTML,06-25-2023
HTML,06-25-2023
Python,06-25-2023
Clojure,06-25-2023
Python,06-24-2023
HTML,06-24-2023
Java,06-24-2023
Java,06-24-2023
TypeScript,06-24-2023
Python,06-24-2023
Go,06-24-2023
HTML,06-19-2023
TypeScript,06-19-2023
CSS,06-19-2023
TypeScript,06-19-2023
PHP,06-19-2023
C,06-19-2023
Java,06-19-2023
HTML,07-09-2023
HTML,07-09-2023
TypeScript,07-09-2023
Python,07-09-2023
TypeScript,07-09-2023
C,07-09-2023
JavaScript,07-09-2023
Python,07-10-2023
Python,07-10-2023
HTML,07-10-2023
TypeScript,07-10-2023
Java,07-10-2023
Python,07-10-2023
Jupyter Notebook,07-10-2023
HTML,06-12-2023
Python,06-12-2023
Python,06-12-2023
Java,06-12-2023
Python,06-12-2023
TypeScript,06-12-2023
Clojure,07-26-2023
Clojure,07-26-2023
HTML,07-26-2023
CSS,07-26-2023
Java,07-26-2023
Swift,07-26-2023
JavaScript,07-26-2023
JavaScript,07-26-2023
TypeScript,07-26-2023
Python,07-26-2023
C,07-26-2023
JavaScript,06-12-2023
Python,06-12-2023
Python,06-12-2023
Ruby,06-12-2023
TypeScript,06-12-2023
Java,06-12-2023
PHP,06-12-2023
C,06-12-2023
Python,06-02-2023
Python,06-02-2023
JavaScript,06-02-2023
HTML,06-02-2023
HTML,06-02-2023
Python,06-02-2023
Jupyter Notebook,06-02-2023
Python,06-05-2023
Vue,06-05-2023
Clojure,06-05-2023
Python,06-05-2023
Python,06-05-2023
CSS,06-05-2023
TypeScript,06-05-2023
TypeScript,06-05-2023
TypeScript,06-05-2023
TypeScript,06-05-2023
Python,06-05-2023
JavaScript,06-05-2023
TypeScript,06-05-2023
Java,06-05-2023
HTML,06-05-2023
C++,07-07-2023
Python,07-07-2023
CSS,07-07-2023
Python,07-07-2023
TypeScript,07-07-2023
Python,07-07-2023
TypeScript,07-07-2023
Python,07-07-2023
Python,07-20-2023
JavaScript,07-20-2023
PowerShell,07-20-2023
HTML,07-20-2023
HTML,07-20-2023
PHP,07-20-2023
Swift,07-20-2023
C++,05-29-2023
Python,05-29-2023
Clojure,05-29-2023
Python,05-29-2023
Shell,05-29-2023
Python,05-29-2023
TypeScript,05-29-2023
CSS,07-13-2023
TypeScript,07-13-2023
Vue,07-13-2023
JavaScript,07-13-2023
TypeScript,07-13-2023
Java,07-13-2023
TypeScript,07-13-2023
HTML,07-11-2023
Python,07-11-2023
CSS,07-11-2023
Python,07-11-2023
HTML,07-11-2023
Python,07-11-2023
Python,07-11-2023
TypeScript,07-23-2023
HTML,07-23-2023
JavaScript,07-23-2023
Vue,07-23-2023
Clojure,07-23-2023
JavaScript,07-23-2023
Java,07-23-2023
Python,07-23-2023
TypeScript,06-27-2023
C++,06-27-2023
TypeScript,06-27-2023
Python,06-27-2023
Python,06-27-2023
Java,07-17-2023
Vue,07-17-2023
HTML,07-17-2023
JavaScript,07-17-2023
Ruby,07-17-2023
Clojure,07-17-2023
Python,07-17-2023
PHP,07-17-2023
TypeScript,06-28-2023
Python,06-28-2023
Python,06-28-2023
Python,06-28-2023
CSS,06-28-2023
PowerShell,06-28-2023
CSS,06-28-2023
Java,06-28-2023
Java,05-29-2023
TypeScript,05-29-2023
TypeScript,05-29-2023
TypeScript,05-29-2023
Shell,05-29-2023
Python,05-29-2023
Swift,06-20-2023
JavaScript,06-20-2023
C++,06-20-2023
Vue,06-20-2023
Python,06-20-2023
Rust,07-19-2023
Vue,07-19-2023
Python,07-19-2023
Java,07-19-2023
Ruby,07-19-2023
TypeScript,07-19-2023
PHP,05-30-2023
Python,05-30-2023
Java,05-30-2023
Perl,05-30-2023
JavaScript,05-30-2023
Vue,05-30-2023
PHP,05-30-2023
Java,05-30-2023
TypeScript,07-16-2023
Swift,07-16-2023
Game Maker Language,07-16-2023
HTML,07-16-2023
Python,07-16-2023
TypeScript,07-16-2023
HTML,07-16-2023
Python,06-01-2023
Astro,06-01-2023
JavaScript,06-01-2023
Java,06-01-2023
Python,06-01-2023
CSS,06-01-2023
Python,06-02-2023
TypeScript,06-02-2023
Python,06-02-2023
C++,06-02-2023
JavaScript,06-02-2023
HTML,06-02-2023
C++,06-04-2023
PHP,06-04-2023
Kotlin,06-04-2023
TypeScript,06-04-2023
Python,06-04-2023
TypeScript,06-04-2023
JavaScript,06-04-2023
Python,06-04-2023
Python,06-09-2023
Rust,06-09-2023
TypeScript,06-09-2023
F#,06-09-2023
Python,06-09-2023
TypeScript,06-09-2023
TypeScript,06-09-2023
Python,06-09-2023
TypeScript,06-09-2023
Vue,06-09-2023
Perl,06-09-2023
Python,06-09-2023
Python,06-09-2023
Shell,06-09-2023
TypeScript,07-24-2023
Python,07-24-2023
Java,07-24-2023
Python,07-24-2023
HTML,07-24-2023
JavaScript,07-24-2023
Clojure,07-24-2023
Jupyter Notebook,07-24-2023
Vue,07-08-2023
Python,07-08-2023
Astro,07-08-2023
Python,07-08-2023
Go,07-08-2023
PHP,07-08-2023
Python,07-08-2023
TypeScript,07-08-2023
TypeScript,07-08-2023
Java,07-08-2023
Python,07-08-2023
Python,07-08-2023
Python,07-08-2023
JavaScript,06-19-2023
TypeScript,06-19-2023
Swift,06-19-2023
Game Maker Language,06-19-2023
Python,06-19-2023
Python,06-19-2023
CSS,06-19-2023
TypeScript,06-19-2023
Python,07-26-2023
Python,07-26-2023
PHP,07-26-2023
JavaScript,07-26-2023
TypeScript,07-26-2023
Vue,07-26-2023
HTML,07-26-2023
Jupyter Notebook,06-07-2023
Vue,06-07-2023
Python,06-07-2023
TypeScript,06-07-2023
Vue,06-07-2023
Python,06-07-2023
JavaScript,06-07-2023
Python,07-11-2023
JavaScript,07-11-2023
Rust,07-11-2023
Python,07-11-2023
Python,07-11-2023
HTML,07-11-2023
PHP,07-11-2023
Python,07-11-2023
Java,07-20-2023
Python,07-20-2023
Python,07-20-2023
Python,07-20-2023
Java,07-20-2023
Python,07-20-2023
Java,07-20-2023
Python,07-20-2023
TypeScript,07-23-2023
C++,07-23-2023
C++,07-23-2023
Astro,07-23-2023
Vue,07-23-2023
Rust,07-23-2023
Python,05-31-2023
JavaScript,05-31-2023
Python,05-31-2023
PHP,05-31-2023
TypeScript,05-31-2023
TypeScript,05-31-2023
JavaScript,05-31-2023
TypeScript,05-31-2023
Python,07-03-2023
Jupyter Notebook,07-03-2023
TypeScript,07-03-2023
TypeScript,07-03-2023
JavaScript,07-03-2023
Python,07-03-2023
Python,07-03-2023
Clojure,07-03-2023
Java,06-17-2023
Python,06-17-2023
C#,06-17-2023
Python,06-17-2023
Game Maker Language,06-17-2023
TypeScript,06-17-2023
TypeScript,06-17-2023
JavaScript,06-19-2023
TypeScript,06-19-2023
Python,06-19-2023
Python,06-19-2023
Python,06-19-2023
TypeScript,06-19-2023
Python,06-19-2023
Vue,06-19-2023
Java,07-12-2023
Java,07-12-2023
TypeScript,07-12-2023
C++,07-12-2023
Astro,07-12-2023
Python,07-12-2023
JavaScript,07-12-2023
Zig,07-22-2023
HTML,07-22-2023
TypeScript,07-22-2023
Python,07-22-2023
PHP,07-22-2023
JavaScript,07-22-2023
CSS,07-22-2023
C++,05-29-2023
JavaScript,05-29-2023
HTML,05-29-2023
TypeScript,05-29-2023
TypeScript,05-29-2023
PHP,05-29-2023
Perl,05-29-2023
CSS,07-18-2023
Python,07-18-2023
Vue,07-18-2023
Python,07-18-2023
Python,07-18-2023
Astro,07-18-2023
C++,06-26-2023
JavaScript,06-26-2023
C++,06-26-2023
C#,06-26-2023
Python,06-26-2023
Game Maker Language,06-26-2023
HTML,06-26-2023
JavaScript,06-26-2023
JavaScript,07-01-2023
Zig,07-01-2023
Python,07-01-2023
Java,07-01-2023
Python,07-01-2023
Go,07-01-2023
Python,07-01-2023
Java,07-01-2023
Python,06-13-2023
JavaScript,06-13-2023
JavaScript,06-13-2023
HTML,06-13-2023
C++,06-13-2023
Python,06-13-2023
Python,06-13-2023
PHP,06-13-2023
TypeScript,07-03-2023
Java,07-03-2023
Jupyter Notebook,07-03-2023
TypeScript,07-03-2023
Python,07-03-2023
Python,07-03-2023
TypeScript,07-03-2023
TypeScript,07-03-2023
Rust,06-26-2023
JavaScript,06-26-2023
Python,06-26-2023
Vue,06-26-2023
TypeScript,06-26-2023
Python,06-26-2023
Python,06-26-2023
JavaScript,06-18-2023
JavaScript,06-18-2023
Python,06-18-2023
CSS,06-18-2023
C++,06-18-2023
Java,06-18-2023
Python,06-18-2023
Java,06-26-2023
Python,06-26-2023
TypeScript,06-26-2023
C++,06-26-2023
Python,06-26-2023
Java,06-26-2023
Python,06-26-2023
Python,06-26-2023
Shell,07-14-2023
C++,07-14-2023
JavaScript,07-14-2023
Python,07-14-2023
Python,07-14-2023
Swift,07-14-2023
TypeScript,07-14-2023
Perl,07-14-2023
Java,06-25-2023
Python,06-25-2023
Zig,06-25-2023
Python,06-25-2023
HTML,06-25-2023
Python,06-25-2023
Python,06-25-2023
C,07-20-2023
CSS,07-20-2023
Python,07-20-2023
JavaScript,07-20-2023
Java,07-20-2023
TypeScript,07-20-2023
Astro,07-20-2023
JavaScript,07-20-2023
Java,06-29-2023
Rust,06-29-2023
JavaScript,06-29-2023
JavaScript,06-29-2023
TypeScript,06-29-2023
Python,06-29-2023
PHP,06-29-2023
Python,06-29-2023
JavaScript,06-23-2023
Java,06-23-2023
Jupyter Notebook,06-23-2023
C#,06-23-2023
HTML,06-23-2023
JavaScript,06-23-2023
Vue,06-01-2023
TypeScript,06-01-2023
Python,06-01-2023
Python,06-01-2023
Python,06-01-2023
Python,06-01-2023
TypeScript,06-01-2023
HTML,06-01-2023
Python,07-24-2023
TypeScript,07-24-2023
Python,07-24-2023
JavaScript,07-24-2023
C++,07-24-2023
Python,07-24-2023
Python,07-24-2023
Python,07-24-2023
C#,07-06-2023
Python,07-06-2023
JavaScript,07-06-2023
TypeScript,07-06-2023
TypeScript,07-06-2023
TypeScript,07-06-2023
Game Maker Language,07-06-2023
TypeScript,07-06-2023
TypeScript,07-09-2023
Vue,07-09-2023
JavaScript,07-09-2023
C#,07-09-2023
Python,07-09-2023
Java,07-09-2023
Python,07-09-2023
Vue,07-09-2023
Objective-C,07-06-2023
Java,07-06-2023
Java,07-06-2023
JavaScript,07-06-2023
JavaScript,07-06-2023
C#,07-06-2023
C++,07-06-2023
TypeScript,07-06-2023
Ruby,07-10-2023
Shell,07-10-2023
Rust,07-10-2023
Python,07-10-2023
JavaScript,07-10-2023
Python,07-10-2023
HTML,07-10-2023
Python,06-27-2023
C,06-27-2023
Python,06-27-2023
Python,06-27-2023
Jupyter Notebook,06-27-2023
Python,06-27-2023
Python,06-27-2023
Python,07-03-2023
Vue,07-03-2023
Java,07-03-2023
JavaScript,07-03-2023
JavaScript,07-03-2023
JavaScript,07-03-2023
Swift,07-03-2023
Python,07-03-2023
Java,06-15-2023
JavaScript,06-15-2023
CSS,06-15-2023
C++,06-15-2023
Rust,06-15-2023
JavaScript,06-15-2023
TypeScript,06-15-2023
PHP,06-15-2023
C++,07-24-2023
Objective-C,07-24-2023
TypeScript,07-24-2023
Rust,07-24-2023
TypeScript,07-24-2023
Python,07-24-2023
Python,07-24-2023
TypeScript,07-24-2023
Python,07-06-2023
C#,07-06-2023
TypeScript,07-06-2023
C++,07-06-2023
Python,07-06-2023
Rust,07-06-2023
Java,07-06-2023
TypeScript,07-06-2023
Python,07-21-2023
JavaScript,07-21-2023
Game Maker Language,07-21-2023
Python,07-21-2023
C#,07-21-2023
Astro,07-21-2023
Python,07-21-2023
Astro,07-21-2023
Go,06-14-2023
Go,06-14-2023
Java,06-14-2023
JavaScript,06-14-2023
Zig,06-14-2023
TypeScript,06-14-2023
TypeScript,06-14-2023
Python,06-14-2023
JavaScript,06-01-2023
TypeScript,06-01-2023
C,06-01-2023
Java,06-01-2023
Python,06-01-2023
C#,06-01-2023
Java,06-01-2023
JavaScript,06-01-2023
Python,07-17-2023
Vue,07-17-2023
Python,07-17-2023
C#,07-17-2023
C++,07-17-2023
Python,07-17-2023
Ruby,07-18-2023
Python,07-18-2023
Vue,07-18-2023
JavaScript,07-18-2023
JavaScript,07-18-2023
Python,07-18-2023
Python,07-18-2023
Game Maker Language,07-18-2023
Ruby,06-21-2023
Ruby,06-21-2023
Java,06-21-2023
Java,06-21-2023
TypeScript,06-21-2023
Zig,06-21-2023
Python,06-21-2023
JavaScript,06-21-2023
PHP,07-25-2023
TypeScript,07-25-2023
Shell,07-25-2023
JavaScript,07-25-2023
JavaScript,07-25-2023
Python,07-25-2023
Java,07-25-2023
C++,07-25-2023
Python,06-20-2023
Java,06-20-2023
Java,06-20-2023
CSS,06-20-2023
C++,06-20-2023
Python,06-20-2023
Jupyter Notebook,06-20-2023
Go,06-20-2023
TypeScript,07-12-2023
C++,07-12-2023
HTML,07-12-2023
Java,07-12-2023
Python,07-12-2023
TypeScript,07-12-2023
HTML,07-12-2023
Python,07-18-2023
Python,07-18-2023
JavaScript,07-18-2023
Game Maker Language,07-18-2023
Python,07-18-2023
TypeScript,07-18-2023
JavaScript,07-18-2023
Python,07-18-2023
PHP,06-26-2023
Python,06-26-2023
Python,06-26-2023
TypeScript,06-26-2023
C++,06-26-2023
C++,06-26-2023
JavaScript,06-26-2023
TypeScript,06-26-2023
C++,06-12-2023
Python,06-12-2023
Objective-C,06-12-2023
Vue,06-12-2023
Python,06-12-2023
JavaScript,06-12-2023
C#,06-12-2023
Python,06-12-2023
Python,06-25-2023
Go,06-25-2023
C,06-25-2023
JavaScript,06-25-2023
Ruby,06-25-2023
Python,06-25-2023
Swift,06-25-2023
JavaScript,06-29-2023
JavaScript,06-29-2023
JavaScript,06-29-2023
TypeScript,06-29-2023
Java,06-29-2023
C++,06-29-2023
Astro,06-29-2023
Python,06-29-2023
JavaScript,06-06-2023
Python,06-06-2023
Python,06-06-2023
Objective-C,06-06-2023
JavaScript,06-06-2023
C++,06-06-2023
TypeScript,06-06-2023
TypeScript,06-06-2023
TypeScript,06-29-2023
TypeScript,06-29-2023
Python,06-29-2023
Go,06-29-2023
Java,06-29-2023
JavaScript,06-29-2023
Python,06-29-2023
Java,06-29-2023
Java,06-15-2023
Ruby,06-15-2023
JavaScript,06-15-2023
Vue,06-15-2023
C++,06-15-2023
Python,06-15-2023
Zig,06-15-2023
Python,06-15-2023
Python,06-12-2023
CSS,06-12-2023
Java,06-12-2023
JavaScript,06-12-2023
Java,06-12-2023
Python,06-12-2023
JavaScript,06-12-2023
JavaScript,07-24-2023
Ruby,07-24-2023
TypeScript,07-24-2023
Shell,07-24-2023
Game Maker Language,07-24-2023
JavaScript,07-24-2023
Python,07-24-2023
C#,07-24-2023
C#,06-05-2023
C++,06-05-2023
Python,06-05-2023
Java,06-05-2023
CSS,06-05-2023
Java,06-05-2023
TypeScript,06-05-2023
Python,06-05-2023
TypeScript,07-22-2023
Python,07-22-2023
TypeScript,07-22-2023
C,07-22-2023
TypeScript,07-22-2023
JavaScript,07-22-2023
JavaScript,07-22-2023
JavaScript,06-08-2023
Python,06-08-2023
Python,06-08-2023
Kotlin,06-08-2023
Game Maker Language,06-08-2023
TypeScript,06-08-2023
JavaScript,06-08-2023
JavaScript,06-08-2023
TypeScript,06-08-2023
JavaScript,06-08-2023
TypeScript,06-08-2023
JavaScript,06-08-2023
Python,06-08-2023
Python,06-08-2023
Java,06-15-2023
HTML,06-15-2023
Java,06-15-2023
Python,06-15-2023
TypeScript,06-15-2023
C++,06-15-2023
C++,06-15-2023
Astro,06-15-2023
Java,06-17-2023
JavaScript,06-17-2023
Python,06-17-2023
JavaScript,06-17-2023
Go,06-17-2023
Kotlin,06-17-2023
Ruby,06-17-2023
C#,06-17-2023
Java,07-14-2023
JavaScript,07-14-2023
C++,07-14-2023
Python,07-14-2023
Objective-C,07-14-2023
Vue,07-14-2023
JavaScript,07-14-2023
C,07-14-2023
Swift,06-02-2023
TypeScript,06-02-2023
Python,06-02-2023
C#,06-02-2023
Go,06-02-2023
C++,06-02-2023
Python,06-02-2023
TypeScript,06-08-2023
Java,06-08-2023
Python,06-08-2023
TypeScript,06-08-2023
Rust,06-08-2023
CSS,06-08-2023
JavaScript,06-08-2023
TypeScript,06-08-2023
Python,07-24-2023
Python,07-24-2023
Python,07-24-2023
Python,07-24-2023
Python,07-24-2023
C++,07-24-2023
Python,07-24-2023
Python,07-24-2023
C,07-20-2023
Python,07-20-2023
JavaScript,07-20-2023
JavaScript,07-20-2023
Java,07-20-2023
Objective-C,07-20-2023
Java,07-20-2023
Zig,07-20-2023
Python,07-11-2023
C#,07-11-2023
Ruby,07-11-2023
TypeScript,07-11-2023
HTML,07-11-2023
TypeScript,07-11-2023
Python,07-11-2023
Python,07-11-2023
TypeScript,07-12-2023
Ruby,07-12-2023
Python,07-12-2023
Python,07-12-2023
JavaScript,07-12-2023
Java,07-12-2023
Makefile,06-06-2023
JavaScript,06-06-2023
Ruby,06-06-2023
TypeScript,06-06-2023
Shell,06-06-2023
Python,06-06-2023
Game Maker Language,06-06-2023
TypeScript,06-06-2023
Python,06-01-2023
JavaScript,06-01-2023
C++,06-01-2023
Java,06-01-2023
Java,06-01-2023
Python,06-01-2023
JavaScript,06-01-2023
Jupyter Notebook,06-01-2023
Java,06-30-2023
C++,06-30-2023
JavaScript,06-30-2023
PHP,06-30-2023
JavaScript,06-30-2023
JavaScript,06-30-2023
TypeScript,06-30-2023
JavaScript,06-04-2023
HTML,06-04-2023
PHP,06-04-2023
C++,06-04-2023
CSS,06-04-2023
Python,06-04-2023
Kotlin,06-04-2023
Rust,05-31-2023
C,05-31-2023
PHP,05-31-2023
Python,05-31-2023
Python,05-31-2023
CSS,05-31-2023
C,05-31-2023
Python,05-31-2023
TypeScript,05-29-2023
TypeScript,05-29-2023
JavaScript,05-29-2023
TypeScript,05-29-2023
HTML,05-29-2023
Go,05-29-2023
JavaScript,05-29-2023
TypeScript,05-29-2023
TypeScript,05-29-2023
JavaScript,05-29-2023
C++,05-29-2023
Python,05-29-2023
Python,05-29-2023
Java,05-29-2023
C++,05-29-2023
TypeScript,05-29-2023
TypeScript,05-29-2023
Swift,05-29-2023
Python,05-29-2023
Python,05-29-2023
Java,05-29-2023
TypeScript,05-29-2023
C++,05-29-2023
JavaScript,06-12-2023
Makefile,06-12-2023
Ruby,06-12-2023
Python,06-12-2023
JavaScript,06-12-2023
TypeScript,06-12-2023
JavaScript,06-12-2023
C#,06-12-2023
Python,06-27-2023
TypeScript,06-27-2023
Python,06-27-2023
Ruby,06-27-2023
C#,06-27-2023
Python,06-27-2023
PowerShell,06-27-2023
PHP,06-27-2023
JavaScript,06-16-2023
HTML,06-16-2023
Python,06-16-2023
JavaScript,06-16-2023
PHP,06-16-2023
C++,06-16-2023
Python,06-16-2023
HTML,07-02-2023
Python,07-02-2023
JavaScript,07-02-2023
JavaScript,07-02-2023
C++,07-02-2023
Vue,07-02-2023
Objective-C,07-02-2023
JavaScript,07-02-2023
Python,06-07-2023
Java,06-07-2023
F#,06-07-2023
Java,06-07-2023
Python,06-07-2023
C++,06-07-2023
C++,07-07-2023
TypeScript,07-07-2023
Rust,07-07-2023
JavaScript,07-07-2023
Shell,07-07-2023
Python,07-07-2023
GLSL,07-07-2023
C++,05-31-2023
Python,05-31-2023
Python,05-31-2023
Ruby,05-31-2023
TypeScript,05-31-2023
C++,05-31-2023
C++,05-31-2023
Ruby,05-31-2023
JavaScript,06-22-2023
Python,06-22-2023
JavaScript,06-22-2023
C++,06-22-2023
Python,06-22-2023
JavaScript,06-22-2023
CSS,06-22-2023
JavaScript,06-22-2023
TypeScript,07-22-2023
TypeScript,07-22-2023
JavaScript,07-22-2023
Java,07-22-2023
C#,07-22-2023
PHP,07-22-2023
Java,07-22-2023
Jupyter Notebook,07-20-2023
TypeScript,07-20-2023
Swift,07-20-2023
PHP,07-20-2023
Ruby,07-20-2023
CSS,07-20-2023
Python,07-20-2023
Python,07-20-2023
Python,07-16-2023
TypeScript,07-16-2023
C,07-16-2023
PHP,07-16-2023
Python,07-16-2023
JavaScript,07-16-2023
JavaScript,07-16-2023
CSS,07-16-2023
C,07-07-2023
Python,07-07-2023
TypeScript,07-07-2023
Python,07-07-2023
TypeScript,07-07-2023
Python,07-07-2023
Game Maker Language,07-07-2023
TypeScript,06-21-2023
Rust,06-21-2023
TypeScript,06-21-2023
Swift,06-21-2023
Python,06-21-2023
Python,06-21-2023
Vue,06-21-2023
JavaScript,05-29-2023
TypeScript,05-29-2023
JavaScript,05-29-2023
JavaScript,05-29-2023
JavaScript,05-29-2023
TypeScript,05-29-2023
C,05-29-2023
Python,05-30-2023
JavaScript,05-30-2023
Makefile,05-30-2023
Swift,05-30-2023
C++,05-30-2023
TypeScript,05-30-2023
Python,05-30-2023
Go,05-30-2023
Python,07-13-2023
JavaScript,07-13-2023
JavaScript,07-13-2023
JavaScript,07-13-2023
Python,07-13-2023
TypeScript,07-13-2023
Kotlin,07-13-2023
PLpgSQL,06-30-2023
HTML,06-30-2023
JavaScript,06-30-2023
Python,06-30-2023
Python,06-30-2023
Python,06-30-2023
CSS,06-30-2023
Jupyter Notebook,06-30-2023
PHP,06-16-2023
Python,06-16-2023
Java,06-16-2023
Java,06-16-2023
Python,06-16-2023
TypeScript,06-16-2023
TypeScript,06-16-2023
Java,06-16-2023
C++,06-22-2023
Java,06-22-2023
TypeScript,06-22-2023
Ruby,06-22-2023
Ruby,06-22-2023
Python,06-22-2023
JavaScript,06-22-2023
C#,06-09-2023
TypeScript,06-09-2023
Java,06-09-2023
C,06-09-2023
Python,06-09-2023
Python,06-09-2023
Python,06-09-2023
JavaScript,06-09-2023
TypeScript,05-29-2023
HTML,05-29-2023
Makefile,05-29-2023
JavaScript,05-29-2023
Python,05-29-2023
C++,05-29-2023
JavaScript,05-29-2023
Python,06-19-2023
TypeScript,06-19-2023
Python,06-19-2023
Rust,06-19-2023
MATLAB,06-19-2023
Python,06-19-2023
Objective-C,06-19-2023
JavaScript,07-14-2023
Python,07-14-2023
TypeScript,07-14-2023
TypeScript,07-14-2023
TypeScript,07-14-2023
Rust,07-14-2023
JavaScript,07-14-2023
Rust,06-19-2023
TypeScript,06-19-2023
PHP,06-19-2023
C++,06-19-2023
F#,06-19-2023
PowerShell,06-19-2023
Python,06-10-2023
Python,06-10-2023
TypeScript,06-10-2023
HTML,06-10-2023
Python,06-10-2023
Vue,06-10-2023
Python,06-10-2023
Java,06-09-2023
Jupyter Notebook,06-09-2023
TypeScript,06-09-2023
JavaScript,06-09-2023
PHP,06-09-2023
Swift,06-09-2023
TypeScript,06-09-2023
C++,06-09-2023
TypeScript,07-10-2023
Python,07-10-2023
Python,07-10-2023
PHP,07-10-2023
TypeScript,07-10-2023
Ruby,07-10-2023
Java,07-10-2023
JavaScript,07-10-2023
Python,06-20-2023
TypeScript,06-20-2023
Python,06-20-2023
TypeScript,06-20-2023
JavaScript,06-20-2023
TypeScript,06-20-2023
PHP,06-20-2023
Python,06-20-2023
C++,07-08-2023
TypeScript,07-08-2023
Python,07-08-2023
Swift,07-08-2023
Rust,07-08-2023
Shell,07-08-2023
Python,07-08-2023
C++,06-29-2023
PHP,06-29-2023
JavaScript,06-29-2023
C#,06-29-2023
Makefile,06-29-2023
TypeScript,06-29-2023
Python,06-29-2023
PHP,06-01-2023
C#,06-01-2023
TypeScript,06-01-2023
TypeScript,06-01-2023
JavaScript,06-01-2023
Shell,06-01-2023
Python,06-01-2023
C++,06-01-2023
TypeScript,05-30-2023
TypeScript,05-30-2023
JavaScript,05-30-2023
Java,05-30-2023
C++,05-30-2023
Python,05-30-2023
Ruby,06-22-2023
PLpgSQL,06-22-2023
JavaScript,06-22-2023
JavaScript,06-22-2023
Python,06-22-2023
C,06-22-2023
CSS,06-22-2023
C++,07-04-2023
C#,07-04-2023
TypeScript,07-04-2023
Java,07-04-2023
TypeScript,07-04-2023
PHP,07-04-2023
C#,07-04-2023
CSS,07-04-2023
Python,06-09-2023
Shell,06-09-2023
Python,06-09-2023
Java,06-09-2023
Python,06-09-2023
JavaScript,06-09-2023
Python,06-26-2023
Python,06-26-2023
Java,06-26-2023
TypeScript,06-26-2023
PHP,06-26-2023
CSS,06-26-2023
Python,06-26-2023
Python,05-31-2023
Rust,05-31-2023
HTML,05-31-2023
TypeScript,05-31-2023
TypeScript,05-31-2023
JavaScript,05-31-2023
PHP,05-31-2023
Jupyter Notebook,07-20-2023
Python,07-20-2023
C++,07-20-2023
Python,07-20-2023
TypeScript,07-20-2023
TypeScript,07-20-2023
TypeScript,07-20-2023
C++,07-20-2023
Python,06-24-2023
C++,06-24-2023
Python,06-24-2023
HTML,06-24-2023
TypeScript,06-24-2023
JavaScript,06-24-2023
Rust,06-24-2023
TypeScript,07-06-2023
Python,07-06-2023
Python,07-06-2023
TypeScript,07-06-2023
JavaScript,07-06-2023
TypeScript,07-06-2023
Python,07-06-2023
Python,07-06-2023
PHP,06-07-2023
Java,06-07-2023
C++,06-07-2023
Python,06-07-2023
C#,06-07-2023
C#,06-07-2023
Swift,06-07-2023
TypeScript,06-07-2023
C++,07-21-2023
C++,07-21-2023
C,07-21-2023
Python,07-21-2023
Python,07-21-2023
JavaScript,07-21-2023
TypeScript,07-21-2023
Python,07-21-2023
Jupyter Notebook,06-11-2023
TypeScript,06-11-2023
C++,06-11-2023
JavaScript,06-11-2023
Java,06-11-2023
TypeScript,06-11-2023
C++,06-14-2023
JavaScript,06-14-2023
C#,06-14-2023
HTML,06-14-2023
C++,06-14-2023
Python,06-14-2023
Groovy,06-09-2023
PHP,06-09-2023
Python,06-09-2023
TypeScript,06-09-2023
TypeScript,06-09-2023
JavaScript,06-09-2023
Python,06-09-2023
Python,06-09-2023
TypeScript,06-08-2023
C,06-08-2023
Python,06-08-2023
JavaScript,06-08-2023
F#,06-08-2023
HTML,06-09-2023
TypeScript,06-09-2023
TypeScript,06-09-2023
JavaScript,06-09-2023
Java,06-09-2023
MATLAB,06-09-2023
HTML,06-09-2023
Python,06-26-2023
Ruby,06-26-2023
TypeScript,06-26-2023
Rust,06-26-2023
JavaScript,06-26-2023
JavaScript,06-26-2023
Rust,06-26-2023
Python,07-08-2023
Python,07-08-2023
Python,07-08-2023
C++,07-08-2023
JavaScript,07-08-2023
Rust,07-08-2023
Makefile,07-08-2023
Python,07-08-2023
JavaScript,06-29-2023
Python,06-29-2023
Jupyter Notebook,06-29-2023
Java,06-29-2023
Python,06-29-2023
TypeScript,06-29-2023
Java,06-29-2023
Python,06-08-2023
C++,06-08-2023
Python,06-08-2023
JavaScript,06-08-2023
PHP,06-08-2023
TypeScript,06-08-2023
Python,06-08-2023
PHP,06-08-2023
Python,07-02-2023
Python,07-02-2023
TypeScript,07-02-2023
TypeScript,07-02-2023
Java,07-02-2023
C,07-02-2023
C++,07-02-2023
Vue,07-02-2023
TypeScript,06-09-2023
Go,06-09-2023
C#,06-09-2023
TypeScript,06-09-2023
Java,06-09-2023
JavaScript,06-09-2023
Python,06-09-2023
Java,06-09-2023
Python,06-01-2023
Python,06-01-2023
Shell,06-01-2023
Python,06-01-2023
MATLAB,06-01-2023
TypeScript,06-01-2023
Shell,06-01-2023
Python,07-13-2023
Jupyter Notebook,07-13-2023
Rust,07-13-2023
C++,07-13-2023
TypeScript,07-13-2023
Python,07-13-2023
TypeScript,07-13-2023
Python,06-20-2023
HTML,06-20-2023
PHP,06-20-2023
Python,06-20-2023
TypeScript,06-20-2023
Python,06-20-2023
TypeScript,06-20-2023
TypeScript,06-20-2023
JavaScript,06-18-2023
PLpgSQL,06-18-2023
HTML,06-18-2023
TypeScript,06-18-2023
C#,06-18-2023
Ruby,06-18-2023
C,07-07-2023
Jupyter Notebook,07-07-2023
Rust,07-07-2023
C++,07-07-2023
Python,07-07-2023
TypeScript,07-07-2023
C,07-07-2023
CSS,07-07-2023
TypeScript,07-14-2023
Python,07-14-2023
TypeScript,07-14-2023
Rust,07-14-2023
Swift,07-14-2023
Groovy,05-31-2023
Python,05-31-2023
JavaScript,05-31-2023
JavaScript,05-31-2023
Python,05-31-2023
Python,07-12-2023
TypeScript,07-12-2023
C#,07-12-2023
C#,07-12-2023
JavaScript,07-12-2023
Ruby,07-12-2023
JavaScript,07-12-2023
JavaScript,06-17-2023
TypeScript,06-17-2023
C++,06-17-2023
Java,06-17-2023
JavaScript,06-17-2023
JavaScript,06-17-2023
Shell,06-17-2023
R,06-17-2023
Python,06-19-2023
Python,06-19-2023
C++,06-19-2023
Python,06-19-2023
TypeScript,06-19-2023
Java,06-19-2023
TypeScript,06-19-2023
C#,06-19-2023
JavaScript,05-31-2023
HTML,05-31-2023
Python,05-31-2023
Shell,05-31-2023
Python,05-31-2023
Java,05-31-2023
C++,05-31-2023
Makefile,05-31-2023
Java,06-08-2023
Java,06-08-2023
Jupyter Notebook,06-08-2023
Python,06-08-2023
Java,06-08-2023
TypeScript,06-08-2023
Python,06-28-2023
Python,06-28-2023
JavaScript,06-28-2023
Rust,06-28-2023
C,06-28-2023
JavaScript,06-28-2023
TypeScript,06-28-2023
Python,06-20-2023
JavaScript,06-20-2023
Python,06-20-2023
Python,06-20-2023
JavaScript,06-20-2023
PHP,06-20-2023
PHP,06-20-2023
TypeScript,06-20-2023
PHP,07-21-2023
Python,07-21-2023
TypeScript,07-21-2023
Python,07-21-2023
TypeScript,07-21-2023
JavaScript,07-21-2023
Emacs Lisp,06-19-2023
TypeScript,06-19-2023
TypeScript,06-19-2023
TypeScript,06-19-2023
C++,06-19-2023
TypeScript,06-19-2023
Go,06-21-2023
TypeScript,06-21-2023
C++,06-21-2023
PHP,06-21-2023
Python,06-21-2023
Python,06-21-2023
PHP,06-21-2023
C++,06-21-2023
Jupyter Notebook,06-26-2023
Python,06-26-2023
PHP,06-26-2023
Rust,06-26-2023
C,06-26-2023
C,06-26-2023
Python,06-25-2023
Python,06-25-2023
C++,06-25-2023
TypeScript,06-25-2023
Python,06-25-2023
Rust,06-25-2023
Python,06-25-2023
Python,07-13-2023
Python,07-13-2023
Python,07-13-2023
Python,07-13-2023
Python,07-13-2023
TypeScript,07-13-2023
Python,07-13-2023
Java,07-13-2023
TypeScript,06-23-2023
C,06-23-2023
Jupyter Notebook,06-23-2023
PLpgSQL,06-23-2023
C++,06-23-2023
JavaScript,06-23-2023
Java,06-23-2023
MATLAB,06-23-2023
HTML,07-01-2023
TypeScript,07-01-2023
Python,07-01-2023
Python,07-01-2023
C++,07-01-2023
Rust,07-01-2023
Python,07-01-2023
Python,07-04-2023
Python,07-04-2023
Python,07-04-2023
Java,07-04-2023
C++,07-04-2023
Python,07-04-2023
JavaScript,07-04-2023
JavaScript,07-04-2023
Python,06-08-2023
C++,06-08-2023
Python,06-08-2023
Shell,06-08-2023
Python,06-08-2023
TypeScript,06-08-2023
C#,06-08-2023
JavaScript,07-06-2023
Jupyter Notebook,07-06-2023
Python,07-06-2023
Python,07-06-2023
Python,07-06-2023
TypeScript,07-06-2023
JavaScript,07-08-2023
Python,07-08-2023
C#,07-08-2023
Rust,07-08-2023
C,07-08-2023
Python,07-08-2023
Python,08-01-2023
Groovy,08-01-2023
TypeScript,08-01-2023
C++,08-01-2023
MATLAB,08-01-2023
C++,08-01-2023
Ruby,06-07-2023
Rust,06-07-2023
TypeScript,06-07-2023
Python,06-07-2023
Python,07-19-2023
TypeScript,07-19-2023
TypeScript,07-19-2023
Python,07-19-2023
Shell,07-19-2023
C#,07-19-2023
Ruby,07-19-2023
TypeScript,07-18-2023
HTML,07-18-2023
C++,07-18-2023
C#,07-18-2023
C++,07-18-2023
TypeScript,07-18-2023
HTML,07-18-2023
Emacs Lisp,07-27-2023
JavaScript,07-27-2023
Python,07-27-2023
Java,07-27-2023
Python,07-27-2023
JavaScript,07-27-2023
Go,07-16-2023
Java,07-16-2023
Python,07-16-2023
C++,07-16-2023
Rust,07-16-2023
JavaScript,07-16-2023
Rust,07-16-2023
Jupyter Notebook,07-10-2023
Python,07-10-2023
TypeScript,07-10-2023
Jupyter Notebook,07-10-2023
C++,07-10-2023
C,07-10-2023
Python,07-20-2023
Python,07-20-2023
Jupyter Notebook,07-20-2023
Python,07-20-2023
HTML,07-20-2023
TypeScript,07-20-2023
TypeScript,07-20-2023
TypeScript,07-20-2023
Python,07-20-2023
TypeScript,07-20-2023
Python,07-20-2023
Java,07-20-2023
Ruby,07-20-2023
Python,07-13-2023
Python,07-13-2023
Jupyter Notebook,07-13-2023
PHP,07-13-2023
Python,07-13-2023
Java,07-13-2023
C++,07-13-2023
Java,06-30-2023
TypeScript,06-30-2023
C#,06-30-2023
Java,06-30-2023
Shell,06-30-2023
TypeScript,06-25-2023
Python,06-25-2023
Python,06-25-2023
Rust,06-25-2023
TypeScript,06-25-2023
Python,06-25-2023
Python,06-24-2023
TypeScript,06-24-2023
C++,06-24-2023
C#,06-24-2023
C++,06-24-2023
PHP,06-24-2023
PHP,06-24-2023
Python,06-19-2023
Python,06-19-2023
Go,06-19-2023
Python,06-19-2023
Python,06-19-2023
TypeScript,06-12-2023
TypeScript,06-12-2023
Ruby,06-12-2023
TypeScript,06-12-2023
TypeScript,06-12-2023
PHP,06-12-2023
PHP,07-09-2023
Java,07-09-2023
Java,07-09-2023
Python,07-09-2023
Rust,07-09-2023
C,07-10-2023
TypeScript,07-10-2023
TypeScript,07-10-2023
C#,07-10-2023
JavaScript,07-10-2023
HTML,07-26-2023
Python,07-26-2023
Python,07-26-2023
Python,07-26-2023
Python,07-26-2023
Java,07-26-2023
Python,06-12-2023
JavaScript,06-12-2023
JavaScript,06-12-2023
TypeScript,06-12-2023
Shell,06-12-2023
JavaScript,06-12-2023
Python,07-26-2023
HTML,07-26-2023
Python,07-26-2023
Ruby,07-26-2023
Python,07-26-2023
JavaScript,07-26-2023
Python,06-02-2023
Python,06-02-2023
PHP,06-02-2023
JavaScript,06-02-2023
Python,06-05-2023
JavaScript,06-05-2023
TypeScript,06-05-2023
Python,06-05-2023
Rust,06-05-2023
JavaScript,07-28-2023
Python,07-28-2023
JavaScript,07-28-2023
Rust,07-28-2023
Rust,07-28-2023
TypeScript,07-28-2023
Python,06-05-2023
Java,06-05-2023
Python,06-05-2023
Python,06-05-2023
Python,06-05-2023
MATLAB,06-05-2023
PHP,08-01-2023
Python,08-01-2023
PHP,08-01-2023
C#,08-01-2023
Python,08-01-2023
Python,08-01-2023
TypeScript,07-28-2023
Python,07-28-2023
PLpgSQL,07-28-2023
JavaScript,07-28-2023
Python,07-28-2023
Emacs Lisp,07-07-2023
TypeScript,07-07-2023
Python,07-07-2023
Python,07-07-2023
Shell,07-07-2023
TypeScript,07-07-2023
JavaScript,05-29-2023
Python,05-29-2023
JavaScript,05-29-2023
TypeScript,05-29-2023
C++,05-29-2023
C,05-29-2023
Go,08-02-2023
Python,08-02-2023
C++,08-02-2023
Java,08-02-2023
Rust,08-02-2023
C,08-02-2023
Jupyter Notebook,07-11-2023
TypeScript,07-11-2023
Python,07-11-2023
TypeScript,07-11-2023
TypeScript,07-11-2023
Python,07-23-2023
Python,07-23-2023
Jupyter Notebook,07-23-2023
JavaScript,07-23-2023
JavaScript,07-23-2023
JavaScript,07-23-2023
TypeScript,06-27-2023
Python,06-27-2023
Python,06-27-2023
Python,06-27-2023
C#,06-27-2023
JavaScript,06-27-2023
TypeScript,07-20-2023
Python,07-20-2023
Python,07-20-2023
Python,07-20-2023
C++,07-20-2023
HTML,07-17-2023
JavaScript,07-17-2023
Python,07-17-2023
TypeScript,07-17-2023
C++,07-17-2023
PHP,07-17-2023
Python,08-01-2023
HTML,08-01-2023
C++,08-01-2023
Python,08-01-2023
HTML,08-01-2023
Java,08-01-2023
Python,05-29-2023
Python,05-29-2023
Python,05-29-2023
PHP,05-29-2023
Python,05-29-2023
Java,05-29-2023
TypeScript,06-28-2023
Python,06-28-2023
Go,06-28-2023
Jupyter Notebook,06-28-2023
TypeScript,06-28-2023
TypeScript,08-02-2023
TypeScript,08-02-2023
Java,08-02-2023
Python,06-20-2023
JavaScript,06-20-2023
HTML,06-20-2023
Rust,06-20-2023
Emacs Lisp,07-16-2023
TypeScript,07-16-2023
Ruby,07-16-2023
PHP,05-30-2023
Python,05-30-2023
Python,05-30-2023
Java,05-30-2023
TypeScript,05-30-2023
JavaScript,07-19-2023
JavaScript,07-19-2023
C++,07-19-2023
C#,07-19-2023
Shell,07-19-2023
Go,06-02-2023
Python,06-02-2023
TypeScript,06-02-2023
Jupyter Notebook,06-02-2023
Python,06-02-2023
JavaScript,06-01-2023
HTML,06-01-2023
Groovy,06-01-2023
Python,06-01-2023
Python,06-01-2023
Jupyter Notebook,06-04-2023
Python,06-04-2023
TypeScript,06-04-2023
C++,06-04-2023
Python,06-09-2023
Python,06-09-2023
Python,06-09-2023
TypeScript,06-09-2023
Python,06-09-2023
Java,06-09-2023
JavaScript,06-09-2023
Python,06-09-2023
PHP,06-09-2023
Shell,06-09-2023
JavaScript,07-08-2023
Java,07-08-2023
JavaScript,07-08-2023
Rust,07-08-2023
JavaScript,07-08-2023
C,07-08-2023
Python,07-08-2023
Go,07-08-2023
Python,07-08-2023
Python,07-08-2023
TypeScript,07-24-2023
TypeScript,07-24-2023
TypeScript,07-24-2023
C#,07-24-2023
Rust,07-24-2023
Python,07-26-2023
Python,07-26-2023
PLpgSQL,07-26-2023
Python,07-26-2023
TypeScript,05-29-2023
TypeScript,05-29-2023
PHP,05-29-2023
Java,05-29-2023
Python,05-29-2023
HTML,06-19-2023
Python,06-19-2023
JavaScript,06-19-2023
PLpgSQL,06-19-2023
JavaScript,06-19-2023
Python,06-07-2023
Python,06-07-2023
Python,06-07-2023
JavaScript,06-07-2023
C#,06-07-2023
Python,07-03-2023
Python,07-03-2023
TypeScript,07-03-2023
Python,07-03-2023
Java,07-03-2023
TypeScript,05-31-2023
Python,05-31-2023
TypeScript,05-31-2023
Python,05-31-2023
C++,05-31-2023
TypeScript,07-31-2023
Python,07-31-2023
Python,07-31-2023
Python,07-31-2023
TypeScript,07-20-2023
HTML,07-20-2023
Python,07-20-2023
Rust,07-20-2023
Python,06-19-2023
Python,06-19-2023
Python,06-19-2023
JavaScript,06-19-2023
JavaScript,07-11-2023
C++,07-11-2023
JavaScript,07-23-2023
JavaScript,07-23-2023
Python,07-23-2023
Python,07-23-2023
Python,07-22-2023
Java,07-22-2023
Jupyter Notebook,07-22-2023
C++,07-22-2023
Python,06-17-2023
TypeScript,06-17-2023
Ruby,06-17-2023
Python,07-26-2023
Python,07-26-2023
Rust,07-26-2023
TypeScript,07-12-2023
Python,07-12-2023
Jupyter Notebook,07-12-2023
TypeScript,07-12-2023
Python,07-01-2023
TypeScript,07-01-2023
JavaScript,07-01-2023
Python,07-01-2023
JavaScript,06-26-2023
TypeScript,06-26-2023
Python,06-26-2023
Rust,06-26-2023
Java,06-13-2023
Python,06-13-2023
Groovy,06-13-2023
HTML,06-13-2023
Go,07-18-2023
TypeScript,07-18-2023
Java,07-18-2023
JavaScript,06-26-2023
JavaScript,06-26-2023
C++,06-26-2023
TypeScript,06-26-2023
Jupyter Notebook,06-18-2023
Python,06-18-2023
TypeScript,06-18-2023
Jupyter Notebook,06-18-2023
Java,07-03-2023
Python,07-03-2023
JavaScript,08-01-2023
JavaScript,08-01-2023
Python,08-01-2023
TypeScript,08-01-2023
C,07-28-2023
Python,07-28-2023
JavaScript,07-28-2023
PHP,07-28-2023
JavaScript,06-26-2023
Python,06-26-2023
JavaScript,06-26-2023
TypeScript,06-29-2023
Python,06-29-2023
C++,06-29-2023
Python,07-14-2023
Python,07-14-2023
Go,07-14-2023
Python,07-14-2023
TypeScript,06-25-2023
TypeScript,06-25-2023
Rust,06-25-2023
TypeScript,07-20-2023
Emacs Lisp,07-20-2023
Python,07-20-2023
HTML,06-01-2023
Python,06-01-2023
JavaScript,06-01-2023
Java,06-01-2023
Python,06-23-2023
PHP,06-23-2023
Python,06-23-2023
C#,06-23-2023
C,07-06-2023
JavaScript,07-06-2023
PHP,07-06-2023
Python,07-06-2023
Jupyter Notebook,07-06-2023
Java,07-06-2023
TypeScript,07-06-2023
PLpgSQL,07-06-2023
Python,07-28-2023
Go,07-28-2023
TypeScript,07-28-2023
Python,07-28-2023
TypeScript,06-14-2023
JavaScript,06-14-2023
Python,06-14-2023
Python,06-14-2023
Jupyter Notebook,07-09-2023
Rust,07-09-2023
Jupyter Notebook,07-09-2023
Python,07-21-2023
Java,07-10-2023
Java,07-10-2023
Python,07-10-2023
JavaScript,06-15-2023
JavaScript,06-15-2023
JavaScript,06-15-2023
TypeScript,07-24-2023
Python,07-24-2023
Python,07-24-2023
Python,06-27-2023
Python,06-27-2023
Python,06-27-2023
Python,07-03-2023
Groovy,07-03-2023
TypeScript,06-20-2023
Python,06-20-2023
JavaScript,06-20-2023
HTML,07-06-2023
Python,07-06-2023
TypeScript,07-06-2023
Jupyter Notebook,06-01-2023
TypeScript,06-01-2023
JavaScript,06-01-2023
Python,07-13-2023
TypeScript,07-13-2023
PHP,07-13-2023
C,07-27-2023
Python,07-27-2023
Python,07-18-2023
Python,07-18-2023
Python,07-18-2023
TypeScript,07-12-2023
Python,07-12-2023
TypeScript,07-12-2023
TypeScript,07-18-2023
Python,07-18-2023
C++,07-18-2023
TypeScript,07-17-2023
JavaScript,06-21-2023
JavaScript,06-21-2023
TypeScript,07-25-2023
Python,07-25-2023
Python,06-12-2023
JavaScript,06-12-2023
Java,06-26-2023
C++,06-26-2023
JavaScript,06-25-2023
JavaScript,06-29-2023
Python,06-29-2023
Python,07-24-2023
TypeScript,07-24-2023
Emacs Lisp,06-06-2023
PHP,06-29-2023
PHP,06-29-2023
JavaScript,06-15-2023
TypeScript,06-15-2023
Go,06-12-2023
Python,06-12-2023
Java,06-05-2023
Rust,06-05-2023
JavaScript,06-02-2023
HTML,06-02-2023
Jupyter Notebook,07-22-2023
Python,07-22-2023
Python,06-08-2023
Python,06-08-2023
JavaScript,06-08-2023
Java,06-15-2023
Java,06-15-2023
C,06-17-2023
JavaScript,06-17-2023
TypeScript,07-20-2023
Python,07-20-2023
TypeScript,08-01-2023
Python,08-01-2023
Jupyter Notebook,06-08-2023
TypeScript,06-08-2023
HTML,06-06-2023
TypeScript,06-06-2023
Python,07-29-2023
Python,07-29-2023
C,07-24-2023
Python,07-24-2023
Python,07-12-2023
JavaScript,07-12-2023
TypeScript,06-30-2023
TypeScript,06-30-2023
TypeScript,07-11-2023
Python,07-11-2023
TypeScript,06-01-2023
Python,06-04-2023
Java,05-29-2023
JavaScript,06-27-2023
Python,05-31-2023
Python,06-12-2023
TypeScript,06-16-2023
Emacs Lisp,06-22-2023
PHP,07-02-2023
JavaScript,06-07-2023
Java,05-31-2023
Python,07-07-2023
Go,07-22-2023
JavaScript,07-30-2023
Python,08-01-2023
JavaScript,05-30-2023
Java,07-07-2023
C,05-29-2023
JavaScript,07-16-2023
TypeScript,07-20-2023
TypeScript,07-13-2023
Jupyter Notebook,06-21-2023
TypeScript,05-29-2023
HTML,06-16-2023
Jupyter Notebook,07-24-2023
C,06-22-2023
Python,06-30-2023
TypeScript,06-09-2023
